INSERT INTO MOVIE VALUES('MOVIE1', 'Brazil', 'Fantasy');
INSERT INTO MOVIE VALUES('MOVIE2', 'Young Frankenstein', 'Comedy');
INSERT INTO MOVIE VALUES('MOVIE3', 'Jurassic Park', 'Action');
INSERT INTO MOVIE VALUES('MOVIE4', 'Seems Like Old Times', 'Comedy');
INSERT INTO MOVIE VALUES('MOVIE5', 'Jaws', 'Action');
INSERT INTO MOVIE VALUES('MOVIE6', 'Pride and Prejudice', 'Drama');
INSERT INTO MOVIE VALUES('MOVIE7', 'Star Wars (A New Hope)', 'Fantasy');
INSERT INTO MOVIE VALUES('MOVIE8', 'Jurassic World', 'Action');
INSERT INTO MOVIE VALUES('MOVIE9', 'Ocean''s Eleven', 'Comedy');
INSERT INTO MOVIE VALUES('MOVIE10', 'Pillow Talk', 'Comedy');
INSERT INTO MOVIE VALUES('MOVIE11', 'The Fellowship of the Ring', 'Fantasy');
INSERT INTO MOVIE VALUES('MOVIE13', 'Best in Show', 'Comedy');
INSERT INTO MOVIE VALUES('MOVIE14', 'The Two Towers', 'Fantasy');
INSERT INTO MOVIE VALUES('MOVIE15', 'Willie Wonka and the Chocolate Factory', 'Comedy');
INSERT INTO MOVIE VALUES('MOVIE16', 'Tangled', 'Children''s');
INSERT INTO MOVIE VALUES('MOVIE17', 'Frozen', 'Children''s');
INSERT INTO MOVIE VALUES('MOVIE18', 'The Man with the Golden Gun', 'Action');
INSERT INTO MOVIE VALUES('MOVIE19', 'Diamonds Are Forever', 'Action');
INSERT INTO MOVIE VALUES('MOVIE20', 'Rear Window', 'Mystery');
INSERT INTO MOVIE VALUES('MOVIE21', 'Dial M for Murder', 'Mystery');
INSERT INTO MOVIE VALUES('MOVIE22', 'Vertigo', 'Mystery');
INSERT INTO MOVIE VALUES('MOVIE23', 'Clue', 'Comedy');
INSERT INTO MOVIE VALUES('MOVIE24', 'Psycho', 'Mystery');
INSERT INTO MOVIE VALUES('MOVIE25', 'Eraser', 'Action');

INSERT INTO USER VALUES('USER1','Taylor','1994-01-01');
INSERT INTO USER VALUES('USER2','Taryn','1991-01-01');
INSERT INTO USER VALUES('USER5','Taani','1989-01-01');
INSERT INTO USER VALUES('USER6','Tegan','1979-01-01');
INSERT INTO USER VALUES('USER3','Beth','1966-01-01');
INSERT INTO USER VALUES('USER4','Tom','1964-01-01');

INSERT INTO MOVIE_REVIEW VALUES('MOVIE1','USER1',2,'2016-08-01 23:01:03');
INSERT INTO MOVIE_REVIEW VALUES('MOVIE1','USER2',4,'2016-08-01 23:01:03');
INSERT INTO MOVIE_REVIEW VALUES('MOVIE1','USER3',1,'2016-08-01 23:01:03');
INSERT INTO MOVIE_REVIEW VALUES('MOVIE1','USER4',5,'2016-08-01 23:01:03');
INSERT INTO MOVIE_REVIEW VALUES('MOVIE2','USER1',5,'2016-08-01 23:01:03');
INSERT INTO MOVIE_REVIEW VALUES('MOVIE2','USER2',5,'2016-08-01 23:01:03');
INSERT INTO MOVIE_REVIEW VALUES('MOVIE2','USER3',4,'2016-08-01 23:01:03');
INSERT INTO MOVIE_REVIEW VALUES('MOVIE2','USER4',5,'2016-08-01 23:01:03');
INSERT INTO MOVIE_REVIEW VALUES('MOVIE3','USER1',5,'2016-08-01 16:01:03');
INSERT INTO MOVIE_REVIEW VALUES('MOVIE3','USER2',2,'2016-08-01 23:01:03');
INSERT INTO MOVIE_REVIEW VALUES('MOVIE3','USER3',5,'2016-08-01 23:01:03');
INSERT INTO MOVIE_REVIEW VALUES('MOVIE3','USER4',4,'2016-08-01 23:01:03');
INSERT INTO MOVIE_REVIEW VALUES('MOVIE4','USER1',4,'2016-08-01 23:01:03');
INSERT INTO MOVIE_REVIEW VALUES('MOVIE4','USER2',5,'2016-08-01 23:01:03');
INSERT INTO MOVIE_REVIEW VALUES('MOVIE4','USER3',2,'2016-08-01 23:01:03');
INSERT INTO MOVIE_REVIEW VALUES('MOVIE4','USER4',2,'2016-08-01 23:01:03');
INSERT INTO MOVIE_REVIEW VALUES('MOVIE5','USER1',5,'2016-08-01 23:01:03');
INSERT INTO MOVIE_REVIEW VALUES('MOVIE5','USER2',4,'2016-08-01 23:01:03');
INSERT INTO MOVIE_REVIEW VALUES('MOVIE5','USER3',4,'2016-08-01 23:01:03');
INSERT INTO MOVIE_REVIEW VALUES('MOVIE5','USER4',3,'2016-08-01 23:01:03');
INSERT INTO MOVIE_REVIEW VALUES('MOVIE6','USER1',5,'2016-08-01 23:01:03');
INSERT INTO MOVIE_REVIEW VALUES('MOVIE6','USER2',5,'2016-08-01 23:01:03');
INSERT INTO MOVIE_REVIEW VALUES('MOVIE6','USER3',4,'2016-08-01 23:01:03');
INSERT INTO MOVIE_REVIEW VALUES('MOVIE6','USER4',2,'2016-08-01 23:01:03');
INSERT INTO MOVIE_REVIEW VALUES('MOVIE7','USER1',4,'2016-08-01 23:01:03');
INSERT INTO MOVIE_REVIEW VALUES('MOVIE7','USER2',5,'2016-08-01 23:01:03');
INSERT INTO MOVIE_REVIEW VALUES('MOVIE7','USER3',2,'2016-08-01 23:01:03');
INSERT INTO MOVIE_REVIEW VALUES('MOVIE7','USER4',2,'2016-08-01 23:01:03');
INSERT INTO MOVIE_REVIEW VALUES('MOVIE8','USER1',5,'2016-08-01 23:01:03');
INSERT INTO MOVIE_REVIEW VALUES('MOVIE8','USER2',3,'2016-08-01 23:01:03');
INSERT INTO MOVIE_REVIEW VALUES('MOVIE8','USER3',5,'2016-08-01 23:01:03');
INSERT INTO MOVIE_REVIEW VALUES('MOVIE8','USER4',4,'2016-08-01 23:01:03');
INSERT INTO MOVIE_REVIEW VALUES('MOVIE9','USER1',5,'2016-08-01 23:01:03');
INSERT INTO MOVIE_REVIEW VALUES('MOVIE9','USER2',4,'2016-08-01 23:01:03');
INSERT INTO MOVIE_REVIEW VALUES('MOVIE9','USER3',2,'2016-08-01 23:01:03');
INSERT INTO MOVIE_REVIEW VALUES('MOVIE9','USER4',5,'2016-08-01 23:01:03');
INSERT INTO MOVIE_REVIEW VALUES('MOVIE1','USER5',2,'2016-01-01 18:01:01');
INSERT INTO MOVIE_REVIEW VALUES('MOVIE1','USER6',3,'2016-01-01 4:01:01');
INSERT INTO MOVIE_REVIEW VALUES('MOVIE2','USER5',3,'2016-01-01 2:01:01');
INSERT INTO MOVIE_REVIEW VALUES('MOVIE2','USER6',3,'2016-01-01 20:01:01');
INSERT INTO MOVIE_REVIEW VALUES('MOVIE3','USER5',4,'2016-01-01 22:01:01');
INSERT INTO MOVIE_REVIEW VALUES('MOVIE3','USER6',3,'2016-01-01 11:01:01');
INSERT INTO MOVIE_REVIEW VALUES('MOVIE4','USER5',4,'2016-01-01 10:01:01');
INSERT INTO MOVIE_REVIEW VALUES('MOVIE4','USER6',2,'2016-01-01 23:01:01');
INSERT INTO MOVIE_REVIEW VALUES('MOVIE5','USER5',5,'2016-01-01 19:01:01');
INSERT INTO MOVIE_REVIEW VALUES('MOVIE5','USER6',1,'2016-01-01 19:01:01');
INSERT INTO MOVIE_REVIEW VALUES('MOVIE6','USER5',3,'2016-01-01 1:01:01');
INSERT INTO MOVIE_REVIEW VALUES('MOVIE6','USER6',5,'2016-01-01 3:01:01');
INSERT INTO MOVIE_REVIEW VALUES('MOVIE7','USER5',3,'2016-01-01 9:01:01');
INSERT INTO MOVIE_REVIEW VALUES('MOVIE7','USER6',1,'2016-01-01 6:01:01');
INSERT INTO MOVIE_REVIEW VALUES('MOVIE8','USER5',3,'2016-01-01 23:01:01');
INSERT INTO MOVIE_REVIEW VALUES('MOVIE8','USER6',3,'2016-01-01 11:01:01');
INSERT INTO MOVIE_REVIEW VALUES('MOVIE9','USER5',1,'2016-01-01 4:01:01');
INSERT INTO MOVIE_REVIEW VALUES('MOVIE9','USER6',1,'2016-01-01 14:01:01');
INSERT INTO MOVIE_REVIEW VALUES('MOVIE10','USER1',2,'2016-01-01 22:01:01');
INSERT INTO MOVIE_REVIEW VALUES('MOVIE10','USER2',4,'2016-01-01 20:01:01');
INSERT INTO MOVIE_REVIEW VALUES('MOVIE10','USER3',3,'2016-01-01 11:01:01');
INSERT INTO MOVIE_REVIEW VALUES('MOVIE10','USER4',3,'2016-01-01 20:01:01');
INSERT INTO MOVIE_REVIEW VALUES('MOVIE10','USER5',1,'2016-01-01 7:01:01');
INSERT INTO MOVIE_REVIEW VALUES('MOVIE10','USER6',5,'2016-01-01 23:01:01');
INSERT INTO MOVIE_REVIEW VALUES('MOVIE11','USER1',1,'2016-01-01 18:01:01');
INSERT INTO MOVIE_REVIEW VALUES('MOVIE11','USER2',2,'2016-01-01 11:01:01');
INSERT INTO MOVIE_REVIEW VALUES('MOVIE11','USER3',3,'2016-01-01 23:01:01');
INSERT INTO MOVIE_REVIEW VALUES('MOVIE11','USER4',1,'2016-01-01 0:01:01');
INSERT INTO MOVIE_REVIEW VALUES('MOVIE11','USER5',3,'2016-01-01 14:01:01');
INSERT INTO MOVIE_REVIEW VALUES('MOVIE11','USER6',2,'2016-01-01 7:01:01');
INSERT INTO MOVIE_REVIEW VALUES('MOVIE12','USER1',1,'2016-01-01 13:01:01');
INSERT INTO MOVIE_REVIEW VALUES('MOVIE12','USER2',1,'2016-01-01 19:01:01');
INSERT INTO MOVIE_REVIEW VALUES('MOVIE12','USER3',5,'2016-01-01 23:01:01');
INSERT INTO MOVIE_REVIEW VALUES('MOVIE12','USER4',2,'2016-01-01 11:01:01');
INSERT INTO MOVIE_REVIEW VALUES('MOVIE12','USER5',4,'2016-01-01 5:01:01');
INSERT INTO MOVIE_REVIEW VALUES('MOVIE12','USER6',3,'2016-01-01 13:01:01');
INSERT INTO MOVIE_REVIEW VALUES('MOVIE13','USER1',1,'2016-01-01 3:01:01');
INSERT INTO MOVIE_REVIEW VALUES('MOVIE13','USER2',4,'2016-01-01 21:01:01');
INSERT INTO MOVIE_REVIEW VALUES('MOVIE13','USER3',2,'2016-01-01 11:01:01');
INSERT INTO MOVIE_REVIEW VALUES('MOVIE13','USER4',1,'2016-01-01 10:01:01');
INSERT INTO MOVIE_REVIEW VALUES('MOVIE13','USER5',2,'2016-01-01 14:01:01');
INSERT INTO MOVIE_REVIEW VALUES('MOVIE13','USER6',4,'2016-01-01 22:01:01');
INSERT INTO MOVIE_REVIEW VALUES('MOVIE14','USER1',5,'2016-01-01 23:01:01');
INSERT INTO MOVIE_REVIEW VALUES('MOVIE14','USER2',2,'2016-01-01 8:01:01');
INSERT INTO MOVIE_REVIEW VALUES('MOVIE14','USER3',2,'2016-01-01 11:01:01');
INSERT INTO MOVIE_REVIEW VALUES('MOVIE14','USER4',3,'2016-01-01 3:01:01');
INSERT INTO MOVIE_REVIEW VALUES('MOVIE14','USER5',3,'2016-01-01 8:01:01');
INSERT INTO MOVIE_REVIEW VALUES('MOVIE14','USER6',4,'2016-01-01 13:01:01');
INSERT INTO MOVIE_REVIEW VALUES('MOVIE15','USER1',1,'2016-01-01 4:01:01');
INSERT INTO MOVIE_REVIEW VALUES('MOVIE15','USER2',3,'2016-01-01 10:01:01');
INSERT INTO MOVIE_REVIEW VALUES('MOVIE15','USER3',1,'2016-01-01 13:01:01');
INSERT INTO MOVIE_REVIEW VALUES('MOVIE15','USER4',4,'2016-01-01 8:01:01');
INSERT INTO MOVIE_REVIEW VALUES('MOVIE15','USER5',1,'2016-01-01 7:01:01');
INSERT INTO MOVIE_REVIEW VALUES('MOVIE15','USER6',1,'2016-01-01 10:01:01');
INSERT INTO MOVIE_REVIEW VALUES('MOVIE16','USER1',5,'2016-01-01 22:01:01');
INSERT INTO MOVIE_REVIEW VALUES('MOVIE16','USER2',1,'2016-01-01 4:01:01');
INSERT INTO MOVIE_REVIEW VALUES('MOVIE16','USER3',5,'2016-01-01 18:01:01');
INSERT INTO MOVIE_REVIEW VALUES('MOVIE16','USER4',3,'2016-01-01 6:01:01');
INSERT INTO MOVIE_REVIEW VALUES('MOVIE16','USER5',1,'2016-01-01 10:01:01');
INSERT INTO MOVIE_REVIEW VALUES('MOVIE16','USER6',2,'2016-01-01 10:01:01');
INSERT INTO MOVIE_REVIEW VALUES('MOVIE17','USER1',5,'2016-01-01 19:01:01');
INSERT INTO MOVIE_REVIEW VALUES('MOVIE17','USER2',5,'2016-01-01 20:01:01');
INSERT INTO MOVIE_REVIEW VALUES('MOVIE17','USER3',5,'2016-01-01 10:01:01');
INSERT INTO MOVIE_REVIEW VALUES('MOVIE17','USER4',1,'2016-01-01 4:01:01');
INSERT INTO MOVIE_REVIEW VALUES('MOVIE17','USER5',1,'2016-01-01 5:01:01');
INSERT INTO MOVIE_REVIEW VALUES('MOVIE17','USER6',1,'2016-01-01 9:01:01');
INSERT INTO MOVIE_REVIEW VALUES('MOVIE18','USER1',2,'2016-01-01 0:01:01');
INSERT INTO MOVIE_REVIEW VALUES('MOVIE18','USER2',3,'2016-01-01 18:01:01');
INSERT INTO MOVIE_REVIEW VALUES('MOVIE18','USER3',4,'2016-01-01 11:01:01');
INSERT INTO MOVIE_REVIEW VALUES('MOVIE18','USER4',4,'2016-01-01 7:01:01');
INSERT INTO MOVIE_REVIEW VALUES('MOVIE18','USER5',2,'2016-01-01 7:01:01');
INSERT INTO MOVIE_REVIEW VALUES('MOVIE18','USER6',2,'2016-01-01 17:01:01');
INSERT INTO MOVIE_REVIEW VALUES('MOVIE19','USER1',5,'2016-01-01 22:01:01');
INSERT INTO MOVIE_REVIEW VALUES('MOVIE19','USER2',5,'2016-01-01 4:01:01');
INSERT INTO MOVIE_REVIEW VALUES('MOVIE19','USER3',5,'2016-01-01 14:01:01');
INSERT INTO MOVIE_REVIEW VALUES('MOVIE19','USER4',1,'2016-01-01 11:01:01');
INSERT INTO MOVIE_REVIEW VALUES('MOVIE19','USER5',2,'2016-01-01 11:01:01');
INSERT INTO MOVIE_REVIEW VALUES('MOVIE19','USER6',2,'2016-01-01 8:01:01');
INSERT INTO MOVIE_REVIEW VALUES('MOVIE20','USER1',1,'2016-01-01 1:01:01');
INSERT INTO MOVIE_REVIEW VALUES('MOVIE20','USER2',3,'2016-01-01 9:01:01');
INSERT INTO MOVIE_REVIEW VALUES('MOVIE20','USER3',2,'2016-01-01 17:01:01');
INSERT INTO MOVIE_REVIEW VALUES('MOVIE20','USER4',5,'2016-01-01 8:01:01');
INSERT INTO MOVIE_REVIEW VALUES('MOVIE20','USER5',2,'2016-01-01 15:01:01');
INSERT INTO MOVIE_REVIEW VALUES('MOVIE20','USER6',3,'2016-01-01 19:01:01');
INSERT INTO MOVIE_REVIEW VALUES('MOVIE21','USER1',3,'2016-01-01 20:01:01');
INSERT INTO MOVIE_REVIEW VALUES('MOVIE21','USER2',3,'2016-01-01 23:01:01');
INSERT INTO MOVIE_REVIEW VALUES('MOVIE21','USER3',3,'2016-01-01 0:01:01');
INSERT INTO MOVIE_REVIEW VALUES('MOVIE21','USER4',1,'2016-01-01 10:01:01');
INSERT INTO MOVIE_REVIEW VALUES('MOVIE21','USER5',3,'2016-01-01 4:01:01');
INSERT INTO MOVIE_REVIEW VALUES('MOVIE21','USER6',2,'2016-01-01 4:01:01');
INSERT INTO MOVIE_REVIEW VALUES('MOVIE22','USER1',4,'2016-01-01 23:01:01');
INSERT INTO MOVIE_REVIEW VALUES('MOVIE22','USER2',2,'2016-01-01 12:01:01');
INSERT INTO MOVIE_REVIEW VALUES('MOVIE22','USER3',3,'2016-01-01 4:01:01');
INSERT INTO MOVIE_REVIEW VALUES('MOVIE22','USER4',1,'2016-01-01 20:01:01');
INSERT INTO MOVIE_REVIEW VALUES('MOVIE22','USER5',1,'2016-01-01 11:01:01');
INSERT INTO MOVIE_REVIEW VALUES('MOVIE22','USER6',5,'2016-01-01 20:01:01');
INSERT INTO MOVIE_REVIEW VALUES('MOVIE23','USER1',4,'2016-01-01 2:01:01');
INSERT INTO MOVIE_REVIEW VALUES('MOVIE23','USER2',4,'2016-01-01 15:01:01');
INSERT INTO MOVIE_REVIEW VALUES('MOVIE23','USER3',2,'2016-01-01 22:01:01');
INSERT INTO MOVIE_REVIEW VALUES('MOVIE23','USER4',3,'2016-01-01 16:01:01');
INSERT INTO MOVIE_REVIEW VALUES('MOVIE23','USER5',1,'2016-01-01 19:01:01');
INSERT INTO MOVIE_REVIEW VALUES('MOVIE23','USER6',4,'2016-01-01 18:01:01');
INSERT INTO MOVIE_REVIEW VALUES('MOVIE24','USER1',1,'2016-01-01 13:01:01');
INSERT INTO MOVIE_REVIEW VALUES('MOVIE24','USER2',3,'2016-01-01 11:01:01');
INSERT INTO MOVIE_REVIEW VALUES('MOVIE24','USER3',4,'2016-01-01 4:01:01');
INSERT INTO MOVIE_REVIEW VALUES('MOVIE24','USER4',3,'2016-01-01 17:01:01');
INSERT INTO MOVIE_REVIEW VALUES('MOVIE24','USER5',2,'2016-01-01 10:01:01');
INSERT INTO MOVIE_REVIEW VALUES('MOVIE24','USER6',4,'2016-01-01 7:01:01');
INSERT INTO MOVIE_REVIEW VALUES('MOVIE25','USER1',5,'2016-01-01 10:01:01');
INSERT INTO MOVIE_REVIEW VALUES('MOVIE25','USER2',1,'2016-01-01 17:01:01');
INSERT INTO MOVIE_REVIEW VALUES('MOVIE25','USER3',1,'2016-01-01 19:01:01');
INSERT INTO MOVIE_REVIEW VALUES('MOVIE25','USER4',3,'2016-01-01 0:01:01');
INSERT INTO MOVIE_REVIEW VALUES('MOVIE25','USER5',4,'2016-01-01 2:01:01');
INSERT INTO MOVIE_REVIEW VALUES('MOVIE25','USER6',2,'2016-01-01 15:01:01');
